connect  conn_admin, $OBMYSQL_MS0,admin,$OBMYSQL_PWD,oceanbase,$OBMYSQL_PORT;
connection conn_admin;
set @@ob_enable_plan_cache = 0;
drop table if exists t1;
create table t1 (c1 int, c2 int unsigned, 
c3 tinyint, c4 tinyint unsigned,
c5 smallint, c6 smallint unsigned,
c7 mediumint, c8 mediumint unsigned,
c9 integer, c10 integer unsigned,
c11 bigint, c12 bigint unsigned,
c13 float, c14 float unsigned, 
c15 double, c16 double unsigned, 
c17 decimal, c18 decimal unsigned, 
c19 datetime, c20 timestamp, 
c21 varchar(30), c22 char(30), c_null int);
select * from t1;
c1	c2	c3	c4	c5	c6	c7	c8	c9	c10	c11	c12	c13	c14	c15	c16	c17	c18	c19	c20	c21	c22	c_null
insert into t1 values(1, 2, 
1, 2, 
1, 2, 
1, 2, 
1, 2, 
1, 2, 
3.5, 4.5, 
5.5, 6.5,
7.5, 8.5,
'2019-12-01 12:00:00', '2019-12-03 06:00:00', 
'9.5', '10.5', null);
insert into t1 values(-1, 2, 
-1, 2, 
-1, 2, 
-1, 2, 
-1, 2, 
-1, 2, 
-3.5, 4.5, 
-5.5, 6.5,
-7.5, 8.5,
'2019-12-01 12:00:00', '2019-12-03 06:00:00', 
'-9.5', '10.5', null);
select nvl(c_null, c_null) from t1;
nvl(c_null, c_null)
NULL
NULL
select nvl2(c_null, c_null, c_null) from t1;
ERROR 42000: FUNCTION nvl2 does not exist
select nvl(c1, c1) from t1;
nvl(c1, c1)
1
-1
select nvl(null, c1) from t1;
nvl(null, c1)
1
-1
select nvl(c1, c2) from t1;
nvl(c1, c2)
1
-1
select nvl(null, c1) from t1;
nvl(null, c1)
1
-1
select nvl(c1, c3) from t1;
nvl(c1, c3)
1
-1
select nvl(null, c1) from t1;
nvl(null, c1)
1
-1
select nvl(c1, c4) from t1;
nvl(c1, c4)
1
-1
select nvl(null, c1) from t1;
nvl(null, c1)
1
-1
select nvl(c1, c5) from t1;
nvl(c1, c5)
1
-1
select nvl(null, c1) from t1;
nvl(null, c1)
1
-1
select nvl(c1, c6) from t1;
nvl(c1, c6)
1
-1
select nvl(null, c1) from t1;
nvl(null, c1)
1
-1
select nvl(c1, c7) from t1;
nvl(c1, c7)
1
-1
select nvl(null, c1) from t1;
nvl(null, c1)
1
-1
select nvl(c1, c8) from t1;
nvl(c1, c8)
1
-1
select nvl(null, c1) from t1;
nvl(null, c1)
1
-1
select nvl(c1, c9) from t1;
nvl(c1, c9)
1
-1
select nvl(null, c1) from t1;
nvl(null, c1)
1
-1
select nvl(c1, c10) from t1;
nvl(c1, c10)
1
-1
select nvl(null, c1) from t1;
nvl(null, c1)
1
-1
select nvl(c1, c11) from t1;
nvl(c1, c11)
1
-1
select nvl(null, c1) from t1;
nvl(null, c1)
1
-1
select nvl(c1, c12) from t1;
nvl(c1, c12)
1
-1
select nvl(null, c1) from t1;
nvl(null, c1)
1
-1
select nvl(c1, c13) from t1;
nvl(c1, c13)
1
-1
select nvl(null, c1) from t1;
nvl(null, c1)
1
-1
select nvl(c1, c14) from t1;
nvl(c1, c14)
1
-1
select nvl(null, c1) from t1;
nvl(null, c1)
1
-1
select nvl(c1, c15) from t1;
nvl(c1, c15)
1
-1
select nvl(null, c1) from t1;
nvl(null, c1)
1
-1
select nvl(c1, c16) from t1;
nvl(c1, c16)
1
-1
select nvl(null, c1) from t1;
nvl(null, c1)
1
-1
select nvl(c1, c17) from t1;
nvl(c1, c17)
1
-1
select nvl(null, c1) from t1;
nvl(null, c1)
1
-1
select nvl(c1, c18) from t1;
nvl(c1, c18)
1
-1
select nvl(null, c1) from t1;
nvl(null, c1)
1
-1
select nvl(c1, c19) from t1;
nvl(c1, c19)
1
-1
select nvl(null, c1) from t1;
nvl(null, c1)
1
-1
select nvl(c1, c20) from t1;
nvl(c1, c20)
1
-1
select nvl(null, c1) from t1;
nvl(null, c1)
1
-1
select nvl(c1, c21) from t1;
nvl(c1, c21)
1
-1
select nvl(null, c1) from t1;
nvl(null, c1)
1
-1
select nvl(c1, c22) from t1;
nvl(c1, c22)
1
-1
select nvl(null, c1) from t1;
nvl(null, c1)
1
-1
select nvl(c2, c1) from t1;
nvl(c2, c1)
2
2
select nvl(null, c2) from t1;
nvl(null, c2)
2
2
select nvl(c2, c2) from t1;
nvl(c2, c2)
2
2
select nvl(null, c2) from t1;
nvl(null, c2)
2
2
select nvl(c2, c3) from t1;
nvl(c2, c3)
2
2
select nvl(null, c2) from t1;
nvl(null, c2)
2
2
select nvl(c2, c4) from t1;
nvl(c2, c4)
2
2
select nvl(null, c2) from t1;
nvl(null, c2)
2
2
select nvl(c2, c5) from t1;
nvl(c2, c5)
2
2
select nvl(null, c2) from t1;
nvl(null, c2)
2
2
select nvl(c2, c6) from t1;
nvl(c2, c6)
2
2
select nvl(null, c2) from t1;
nvl(null, c2)
2
2
select nvl(c2, c7) from t1;
nvl(c2, c7)
2
2
select nvl(null, c2) from t1;
nvl(null, c2)
2
2
select nvl(c2, c8) from t1;
nvl(c2, c8)
2
2
select nvl(null, c2) from t1;
nvl(null, c2)
2
2
select nvl(c2, c9) from t1;
nvl(c2, c9)
2
2
select nvl(null, c2) from t1;
nvl(null, c2)
2
2
select nvl(c2, c10) from t1;
nvl(c2, c10)
2
2
select nvl(null, c2) from t1;
nvl(null, c2)
2
2
select nvl(c2, c11) from t1;
nvl(c2, c11)
2
2
select nvl(null, c2) from t1;
nvl(null, c2)
2
2
select nvl(c2, c12) from t1;
nvl(c2, c12)
2
2
select nvl(null, c2) from t1;
nvl(null, c2)
2
2
select nvl(c2, c13) from t1;
nvl(c2, c13)
2
2
select nvl(null, c2) from t1;
nvl(null, c2)
2
2
select nvl(c2, c14) from t1;
nvl(c2, c14)
2
2
select nvl(null, c2) from t1;
nvl(null, c2)
2
2
select nvl(c2, c15) from t1;
nvl(c2, c15)
2
2
select nvl(null, c2) from t1;
nvl(null, c2)
2
2
select nvl(c2, c16) from t1;
nvl(c2, c16)
2
2
select nvl(null, c2) from t1;
nvl(null, c2)
2
2
select nvl(c2, c17) from t1;
nvl(c2, c17)
2
2
select nvl(null, c2) from t1;
nvl(null, c2)
2
2
select nvl(c2, c18) from t1;
nvl(c2, c18)
2
2
select nvl(null, c2) from t1;
nvl(null, c2)
2
2
select nvl(c2, c19) from t1;
nvl(c2, c19)
2
2
select nvl(null, c2) from t1;
nvl(null, c2)
2
2
select nvl(c2, c20) from t1;
nvl(c2, c20)
2
2
select nvl(null, c2) from t1;
nvl(null, c2)
2
2
select nvl(c2, c21) from t1;
nvl(c2, c21)
2
2
select nvl(null, c2) from t1;
nvl(null, c2)
2
2
select nvl(c2, c22) from t1;
nvl(c2, c22)
2
2
select nvl(null, c2) from t1;
nvl(null, c2)
2
2
select nvl(c3, c1) from t1;
nvl(c3, c1)
1
-1
select nvl(null, c3) from t1;
nvl(null, c3)
1
-1
select nvl(c3, c2) from t1;
nvl(c3, c2)
1
-1
select nvl(null, c3) from t1;
nvl(null, c3)
1
-1
select nvl(c3, c3) from t1;
nvl(c3, c3)
1
-1
select nvl(null, c3) from t1;
nvl(null, c3)
1
-1
select nvl(c3, c4) from t1;
nvl(c3, c4)
1
-1
select nvl(null, c3) from t1;
nvl(null, c3)
1
-1
select nvl(c3, c5) from t1;
nvl(c3, c5)
1
-1
select nvl(null, c3) from t1;
nvl(null, c3)
1
-1
select nvl(c3, c6) from t1;
nvl(c3, c6)
1
-1
select nvl(null, c3) from t1;
nvl(null, c3)
1
-1
select nvl(c3, c7) from t1;
nvl(c3, c7)
1
-1
select nvl(null, c3) from t1;
nvl(null, c3)
1
-1
select nvl(c3, c8) from t1;
nvl(c3, c8)
1
-1
select nvl(null, c3) from t1;
nvl(null, c3)
1
-1
select nvl(c3, c9) from t1;
nvl(c3, c9)
1
-1
select nvl(null, c3) from t1;
nvl(null, c3)
1
-1
select nvl(c3, c10) from t1;
nvl(c3, c10)
1
-1
select nvl(null, c3) from t1;
nvl(null, c3)
1
-1
select nvl(c3, c11) from t1;
nvl(c3, c11)
1
-1
select nvl(null, c3) from t1;
nvl(null, c3)
1
-1
select nvl(c3, c12) from t1;
nvl(c3, c12)
1
-1
select nvl(null, c3) from t1;
nvl(null, c3)
1
-1
select nvl(c3, c13) from t1;
nvl(c3, c13)
1
-1
select nvl(null, c3) from t1;
nvl(null, c3)
1
-1
select nvl(c3, c14) from t1;
nvl(c3, c14)
1
-1
select nvl(null, c3) from t1;
nvl(null, c3)
1
-1
select nvl(c3, c15) from t1;
nvl(c3, c15)
1
-1
select nvl(null, c3) from t1;
nvl(null, c3)
1
-1
select nvl(c3, c16) from t1;
nvl(c3, c16)
1
-1
select nvl(null, c3) from t1;
nvl(null, c3)
1
-1
select nvl(c3, c17) from t1;
nvl(c3, c17)
1
-1
select nvl(null, c3) from t1;
nvl(null, c3)
1
-1
select nvl(c3, c18) from t1;
nvl(c3, c18)
1
-1
select nvl(null, c3) from t1;
nvl(null, c3)
1
-1
select nvl(c3, c19) from t1;
nvl(c3, c19)
1
-1
select nvl(null, c3) from t1;
nvl(null, c3)
1
-1
select nvl(c3, c20) from t1;
nvl(c3, c20)
1
-1
select nvl(null, c3) from t1;
nvl(null, c3)
1
-1
select nvl(c3, c21) from t1;
nvl(c3, c21)
1
-1
select nvl(null, c3) from t1;
nvl(null, c3)
1
-1
select nvl(c3, c22) from t1;
nvl(c3, c22)
1
-1
select nvl(null, c3) from t1;
nvl(null, c3)
1
-1
select nvl(c4, c1) from t1;
nvl(c4, c1)
2
2
select nvl(null, c4) from t1;
nvl(null, c4)
2
2
select nvl(c4, c2) from t1;
nvl(c4, c2)
2
2
select nvl(null, c4) from t1;
nvl(null, c4)
2
2
select nvl(c4, c3) from t1;
nvl(c4, c3)
2
2
select nvl(null, c4) from t1;
nvl(null, c4)
2
2
select nvl(c4, c4) from t1;
nvl(c4, c4)
2
2
select nvl(null, c4) from t1;
nvl(null, c4)
2
2
select nvl(c4, c5) from t1;
nvl(c4, c5)
2
2
select nvl(null, c4) from t1;
nvl(null, c4)
2
2
select nvl(c4, c6) from t1;
nvl(c4, c6)
2
2
select nvl(null, c4) from t1;
nvl(null, c4)
2
2
select nvl(c4, c7) from t1;
nvl(c4, c7)
2
2
select nvl(null, c4) from t1;
nvl(null, c4)
2
2
select nvl(c4, c8) from t1;
nvl(c4, c8)
2
2
select nvl(null, c4) from t1;
nvl(null, c4)
2
2
select nvl(c4, c9) from t1;
nvl(c4, c9)
2
2
select nvl(null, c4) from t1;
nvl(null, c4)
2
2
select nvl(c4, c10) from t1;
nvl(c4, c10)
2
2
select nvl(null, c4) from t1;
nvl(null, c4)
2
2
select nvl(c4, c11) from t1;
nvl(c4, c11)
2
2
select nvl(null, c4) from t1;
nvl(null, c4)
2
2
select nvl(c4, c12) from t1;
nvl(c4, c12)
2
2
select nvl(null, c4) from t1;
nvl(null, c4)
2
2
select nvl(c4, c13) from t1;
nvl(c4, c13)
2
2
select nvl(null, c4) from t1;
nvl(null, c4)
2
2
select nvl(c4, c14) from t1;
nvl(c4, c14)
2
2
select nvl(null, c4) from t1;
nvl(null, c4)
2
2
select nvl(c4, c15) from t1;
nvl(c4, c15)
2
2
select nvl(null, c4) from t1;
nvl(null, c4)
2
2
select nvl(c4, c16) from t1;
nvl(c4, c16)
2
2
select nvl(null, c4) from t1;
nvl(null, c4)
2
2
select nvl(c4, c17) from t1;
nvl(c4, c17)
2
2
select nvl(null, c4) from t1;
nvl(null, c4)
2
2
select nvl(c4, c18) from t1;
nvl(c4, c18)
2
2
select nvl(null, c4) from t1;
nvl(null, c4)
2
2
select nvl(c4, c19) from t1;
nvl(c4, c19)
2
2
select nvl(null, c4) from t1;
nvl(null, c4)
2
2
select nvl(c4, c20) from t1;
nvl(c4, c20)
2
2
select nvl(null, c4) from t1;
nvl(null, c4)
2
2
select nvl(c4, c21) from t1;
nvl(c4, c21)
2
2
select nvl(null, c4) from t1;
nvl(null, c4)
2
2
select nvl(c4, c22) from t1;
nvl(c4, c22)
2
2
select nvl(null, c4) from t1;
nvl(null, c4)
2
2
select nvl(c5, c1) from t1;
nvl(c5, c1)
1
-1
select nvl(null, c5) from t1;
nvl(null, c5)
1
-1
select nvl(c5, c2) from t1;
nvl(c5, c2)
1
-1
select nvl(null, c5) from t1;
nvl(null, c5)
1
-1
select nvl(c5, c3) from t1;
nvl(c5, c3)
1
-1
select nvl(null, c5) from t1;
nvl(null, c5)
1
-1
select nvl(c5, c4) from t1;
nvl(c5, c4)
1
-1
select nvl(null, c5) from t1;
nvl(null, c5)
1
-1
select nvl(c5, c5) from t1;
nvl(c5, c5)
1
-1
select nvl(null, c5) from t1;
nvl(null, c5)
1
-1
select nvl(c5, c6) from t1;
nvl(c5, c6)
1
-1
select nvl(null, c5) from t1;
nvl(null, c5)
1
-1
select nvl(c5, c7) from t1;
nvl(c5, c7)
1
-1
select nvl(null, c5) from t1;
nvl(null, c5)
1
-1
select nvl(c5, c8) from t1;
nvl(c5, c8)
1
-1
select nvl(null, c5) from t1;
nvl(null, c5)
1
-1
select nvl(c5, c9) from t1;
nvl(c5, c9)
1
-1
select nvl(null, c5) from t1;
nvl(null, c5)
1
-1
select nvl(c5, c10) from t1;
nvl(c5, c10)
1
-1
select nvl(null, c5) from t1;
nvl(null, c5)
1
-1
select nvl(c5, c11) from t1;
nvl(c5, c11)
1
-1
select nvl(null, c5) from t1;
nvl(null, c5)
1
-1
select nvl(c5, c12) from t1;
nvl(c5, c12)
1
-1
select nvl(null, c5) from t1;
nvl(null, c5)
1
-1
select nvl(c5, c13) from t1;
nvl(c5, c13)
1
-1
select nvl(null, c5) from t1;
nvl(null, c5)
1
-1
select nvl(c5, c14) from t1;
nvl(c5, c14)
1
-1
select nvl(null, c5) from t1;
nvl(null, c5)
1
-1
select nvl(c5, c15) from t1;
nvl(c5, c15)
1
-1
select nvl(null, c5) from t1;
nvl(null, c5)
1
-1
select nvl(c5, c16) from t1;
nvl(c5, c16)
1
-1
select nvl(null, c5) from t1;
nvl(null, c5)
1
-1
select nvl(c5, c17) from t1;
nvl(c5, c17)
1
-1
select nvl(null, c5) from t1;
nvl(null, c5)
1
-1
select nvl(c5, c18) from t1;
nvl(c5, c18)
1
-1
select nvl(null, c5) from t1;
nvl(null, c5)
1
-1
select nvl(c5, c19) from t1;
nvl(c5, c19)
1
-1
select nvl(null, c5) from t1;
nvl(null, c5)
1
-1
select nvl(c5, c20) from t1;
nvl(c5, c20)
1
-1
select nvl(null, c5) from t1;
nvl(null, c5)
1
-1
select nvl(c5, c21) from t1;
nvl(c5, c21)
1
-1
select nvl(null, c5) from t1;
nvl(null, c5)
1
-1
select nvl(c5, c22) from t1;
nvl(c5, c22)
1
-1
select nvl(null, c5) from t1;
nvl(null, c5)
1
-1
select nvl(c6, c1) from t1;
nvl(c6, c1)
2
2
select nvl(null, c6) from t1;
nvl(null, c6)
2
2
select nvl(c6, c2) from t1;
nvl(c6, c2)
2
2
select nvl(null, c6) from t1;
nvl(null, c6)
2
2
select nvl(c6, c3) from t1;
nvl(c6, c3)
2
2
select nvl(null, c6) from t1;
nvl(null, c6)
2
2
select nvl(c6, c4) from t1;
nvl(c6, c4)
2
2
select nvl(null, c6) from t1;
nvl(null, c6)
2
2
select nvl(c6, c5) from t1;
nvl(c6, c5)
2
2
select nvl(null, c6) from t1;
nvl(null, c6)
2
2
select nvl(c6, c6) from t1;
nvl(c6, c6)
2
2
select nvl(null, c6) from t1;
nvl(null, c6)
2
2
select nvl(c6, c7) from t1;
nvl(c6, c7)
2
2
select nvl(null, c6) from t1;
nvl(null, c6)
2
2
select nvl(c6, c8) from t1;
nvl(c6, c8)
2
2
select nvl(null, c6) from t1;
nvl(null, c6)
2
2
select nvl(c6, c9) from t1;
nvl(c6, c9)
2
2
select nvl(null, c6) from t1;
nvl(null, c6)
2
2
select nvl(c6, c10) from t1;
nvl(c6, c10)
2
2
select nvl(null, c6) from t1;
nvl(null, c6)
2
2
select nvl(c6, c11) from t1;
nvl(c6, c11)
2
2
select nvl(null, c6) from t1;
nvl(null, c6)
2
2
select nvl(c6, c12) from t1;
nvl(c6, c12)
2
2
select nvl(null, c6) from t1;
nvl(null, c6)
2
2
select nvl(c6, c13) from t1;
nvl(c6, c13)
2
2
select nvl(null, c6) from t1;
nvl(null, c6)
2
2
select nvl(c6, c14) from t1;
nvl(c6, c14)
2
2
select nvl(null, c6) from t1;
nvl(null, c6)
2
2
select nvl(c6, c15) from t1;
nvl(c6, c15)
2
2
select nvl(null, c6) from t1;
nvl(null, c6)
2
2
select nvl(c6, c16) from t1;
nvl(c6, c16)
2
2
select nvl(null, c6) from t1;
nvl(null, c6)
2
2
select nvl(c6, c17) from t1;
nvl(c6, c17)
2
2
select nvl(null, c6) from t1;
nvl(null, c6)
2
2
select nvl(c6, c18) from t1;
nvl(c6, c18)
2
2
select nvl(null, c6) from t1;
nvl(null, c6)
2
2
select nvl(c6, c19) from t1;
nvl(c6, c19)
2
2
select nvl(null, c6) from t1;
nvl(null, c6)
2
2
select nvl(c6, c20) from t1;
nvl(c6, c20)
2
2
select nvl(null, c6) from t1;
nvl(null, c6)
2
2
select nvl(c6, c21) from t1;
nvl(c6, c21)
2
2
select nvl(null, c6) from t1;
nvl(null, c6)
2
2
select nvl(c6, c22) from t1;
nvl(c6, c22)
2
2
select nvl(null, c6) from t1;
nvl(null, c6)
2
2
select nvl(c7, c1) from t1;
nvl(c7, c1)
1
-1
select nvl(null, c7) from t1;
nvl(null, c7)
1
-1
select nvl(c7, c2) from t1;
nvl(c7, c2)
1
-1
select nvl(null, c7) from t1;
nvl(null, c7)
1
-1
select nvl(c7, c3) from t1;
nvl(c7, c3)
1
-1
select nvl(null, c7) from t1;
nvl(null, c7)
1
-1
select nvl(c7, c4) from t1;
nvl(c7, c4)
1
-1
select nvl(null, c7) from t1;
nvl(null, c7)
1
-1
select nvl(c7, c5) from t1;
nvl(c7, c5)
1
-1
select nvl(null, c7) from t1;
nvl(null, c7)
1
-1
select nvl(c7, c6) from t1;
nvl(c7, c6)
1
-1
select nvl(null, c7) from t1;
nvl(null, c7)
1
-1
select nvl(c7, c7) from t1;
nvl(c7, c7)
1
-1
select nvl(null, c7) from t1;
nvl(null, c7)
1
-1
select nvl(c7, c8) from t1;
nvl(c7, c8)
1
-1
select nvl(null, c7) from t1;
nvl(null, c7)
1
-1
select nvl(c7, c9) from t1;
nvl(c7, c9)
1
-1
select nvl(null, c7) from t1;
nvl(null, c7)
1
-1
select nvl(c7, c10) from t1;
nvl(c7, c10)
1
-1
select nvl(null, c7) from t1;
nvl(null, c7)
1
-1
select nvl(c7, c11) from t1;
nvl(c7, c11)
1
-1
select nvl(null, c7) from t1;
nvl(null, c7)
1
-1
select nvl(c7, c12) from t1;
nvl(c7, c12)
1
-1
select nvl(null, c7) from t1;
nvl(null, c7)
1
-1
select nvl(c7, c13) from t1;
nvl(c7, c13)
1
-1
select nvl(null, c7) from t1;
nvl(null, c7)
1
-1
select nvl(c7, c14) from t1;
nvl(c7, c14)
1
-1
select nvl(null, c7) from t1;
nvl(null, c7)
1
-1
select nvl(c7, c15) from t1;
nvl(c7, c15)
1
-1
select nvl(null, c7) from t1;
nvl(null, c7)
1
-1
select nvl(c7, c16) from t1;
nvl(c7, c16)
1
-1
select nvl(null, c7) from t1;
nvl(null, c7)
1
-1
select nvl(c7, c17) from t1;
nvl(c7, c17)
1
-1
select nvl(null, c7) from t1;
nvl(null, c7)
1
-1
select nvl(c7, c18) from t1;
nvl(c7, c18)
1
-1
select nvl(null, c7) from t1;
nvl(null, c7)
1
-1
select nvl(c7, c19) from t1;
nvl(c7, c19)
1
-1
select nvl(null, c7) from t1;
nvl(null, c7)
1
-1
select nvl(c7, c20) from t1;
nvl(c7, c20)
1
-1
select nvl(null, c7) from t1;
nvl(null, c7)
1
-1
select nvl(c7, c21) from t1;
nvl(c7, c21)
1
-1
select nvl(null, c7) from t1;
nvl(null, c7)
1
-1
select nvl(c7, c22) from t1;
nvl(c7, c22)
1
-1
select nvl(null, c7) from t1;
nvl(null, c7)
1
-1
select nvl(c8, c1) from t1;
nvl(c8, c1)
2
2
select nvl(null, c8) from t1;
nvl(null, c8)
2
2
select nvl(c8, c2) from t1;
nvl(c8, c2)
2
2
select nvl(null, c8) from t1;
nvl(null, c8)
2
2
select nvl(c8, c3) from t1;
nvl(c8, c3)
2
2
select nvl(null, c8) from t1;
nvl(null, c8)
2
2
select nvl(c8, c4) from t1;
nvl(c8, c4)
2
2
select nvl(null, c8) from t1;
nvl(null, c8)
2
2
select nvl(c8, c5) from t1;
nvl(c8, c5)
2
2
select nvl(null, c8) from t1;
nvl(null, c8)
2
2
select nvl(c8, c6) from t1;
nvl(c8, c6)
2
2
select nvl(null, c8) from t1;
nvl(null, c8)
2
2
select nvl(c8, c7) from t1;
nvl(c8, c7)
2
2
select nvl(null, c8) from t1;
nvl(null, c8)
2
2
select nvl(c8, c8) from t1;
nvl(c8, c8)
2
2
select nvl(null, c8) from t1;
nvl(null, c8)
2
2
select nvl(c8, c9) from t1;
nvl(c8, c9)
2
2
select nvl(null, c8) from t1;
nvl(null, c8)
2
2
select nvl(c8, c10) from t1;
nvl(c8, c10)
2
2
select nvl(null, c8) from t1;
nvl(null, c8)
2
2
select nvl(c8, c11) from t1;
nvl(c8, c11)
2
2
select nvl(null, c8) from t1;
nvl(null, c8)
2
2
select nvl(c8, c12) from t1;
nvl(c8, c12)
2
2
select nvl(null, c8) from t1;
nvl(null, c8)
2
2
select nvl(c8, c13) from t1;
nvl(c8, c13)
2
2
select nvl(null, c8) from t1;
nvl(null, c8)
2
2
select nvl(c8, c14) from t1;
nvl(c8, c14)
2
2
select nvl(null, c8) from t1;
nvl(null, c8)
2
2
select nvl(c8, c15) from t1;
nvl(c8, c15)
2
2
select nvl(null, c8) from t1;
nvl(null, c8)
2
2
select nvl(c8, c16) from t1;
nvl(c8, c16)
2
2
select nvl(null, c8) from t1;
nvl(null, c8)
2
2
select nvl(c8, c17) from t1;
nvl(c8, c17)
2
2
select nvl(null, c8) from t1;
nvl(null, c8)
2
2
select nvl(c8, c18) from t1;
nvl(c8, c18)
2
2
select nvl(null, c8) from t1;
nvl(null, c8)
2
2
select nvl(c8, c19) from t1;
nvl(c8, c19)
2
2
select nvl(null, c8) from t1;
nvl(null, c8)
2
2
select nvl(c8, c20) from t1;
nvl(c8, c20)
2
2
select nvl(null, c8) from t1;
nvl(null, c8)
2
2
select nvl(c8, c21) from t1;
nvl(c8, c21)
2
2
select nvl(null, c8) from t1;
nvl(null, c8)
2
2
select nvl(c8, c22) from t1;
nvl(c8, c22)
2
2
select nvl(null, c8) from t1;
nvl(null, c8)
2
2
select nvl(c9, c1) from t1;
nvl(c9, c1)
1
-1
select nvl(null, c9) from t1;
nvl(null, c9)
1
-1
select nvl(c9, c2) from t1;
nvl(c9, c2)
1
-1
select nvl(null, c9) from t1;
nvl(null, c9)
1
-1
select nvl(c9, c3) from t1;
nvl(c9, c3)
1
-1
select nvl(null, c9) from t1;
nvl(null, c9)
1
-1
select nvl(c9, c4) from t1;
nvl(c9, c4)
1
-1
select nvl(null, c9) from t1;
nvl(null, c9)
1
-1
select nvl(c9, c5) from t1;
nvl(c9, c5)
1
-1
select nvl(null, c9) from t1;
nvl(null, c9)
1
-1
select nvl(c9, c6) from t1;
nvl(c9, c6)
1
-1
select nvl(null, c9) from t1;
nvl(null, c9)
1
-1
select nvl(c9, c7) from t1;
nvl(c9, c7)
1
-1
select nvl(null, c9) from t1;
nvl(null, c9)
1
-1
select nvl(c9, c8) from t1;
nvl(c9, c8)
1
-1
select nvl(null, c9) from t1;
nvl(null, c9)
1
-1
select nvl(c9, c9) from t1;
nvl(c9, c9)
1
-1
select nvl(null, c9) from t1;
nvl(null, c9)
1
-1
select nvl(c9, c10) from t1;
nvl(c9, c10)
1
-1
select nvl(null, c9) from t1;
nvl(null, c9)
1
-1
select nvl(c9, c11) from t1;
nvl(c9, c11)
1
-1
select nvl(null, c9) from t1;
nvl(null, c9)
1
-1
select nvl(c9, c12) from t1;
nvl(c9, c12)
1
-1
select nvl(null, c9) from t1;
nvl(null, c9)
1
-1
select nvl(c9, c13) from t1;
nvl(c9, c13)
1
-1
select nvl(null, c9) from t1;
nvl(null, c9)
1
-1
select nvl(c9, c14) from t1;
nvl(c9, c14)
1
-1
select nvl(null, c9) from t1;
nvl(null, c9)
1
-1
select nvl(c9, c15) from t1;
nvl(c9, c15)
1
-1
select nvl(null, c9) from t1;
nvl(null, c9)
1
-1
select nvl(c9, c16) from t1;
nvl(c9, c16)
1
-1
select nvl(null, c9) from t1;
nvl(null, c9)
1
-1
select nvl(c9, c17) from t1;
nvl(c9, c17)
1
-1
select nvl(null, c9) from t1;
nvl(null, c9)
1
-1
select nvl(c9, c18) from t1;
nvl(c9, c18)
1
-1
select nvl(null, c9) from t1;
nvl(null, c9)
1
-1
select nvl(c9, c19) from t1;
nvl(c9, c19)
1
-1
select nvl(null, c9) from t1;
nvl(null, c9)
1
-1
select nvl(c9, c20) from t1;
nvl(c9, c20)
1
-1
select nvl(null, c9) from t1;
nvl(null, c9)
1
-1
select nvl(c9, c21) from t1;
nvl(c9, c21)
1
-1
select nvl(null, c9) from t1;
nvl(null, c9)
1
-1
select nvl(c9, c22) from t1;
nvl(c9, c22)
1
-1
select nvl(null, c9) from t1;
nvl(null, c9)
1
-1
select nvl(c10, c1) from t1;
nvl(c10, c1)
2
2
select nvl(null, c10) from t1;
nvl(null, c10)
2
2
select nvl(c10, c2) from t1;
nvl(c10, c2)
2
2
select nvl(null, c10) from t1;
nvl(null, c10)
2
2
select nvl(c10, c3) from t1;
nvl(c10, c3)
2
2
select nvl(null, c10) from t1;
nvl(null, c10)
2
2
select nvl(c10, c4) from t1;
nvl(c10, c4)
2
2
select nvl(null, c10) from t1;
nvl(null, c10)
2
2
select nvl(c10, c5) from t1;
nvl(c10, c5)
2
2
select nvl(null, c10) from t1;
nvl(null, c10)
2
2
select nvl(c10, c6) from t1;
nvl(c10, c6)
2
2
select nvl(null, c10) from t1;
nvl(null, c10)
2
2
select nvl(c10, c7) from t1;
nvl(c10, c7)
2
2
select nvl(null, c10) from t1;
nvl(null, c10)
2
2
select nvl(c10, c8) from t1;
nvl(c10, c8)
2
2
select nvl(null, c10) from t1;
nvl(null, c10)
2
2
select nvl(c10, c9) from t1;
nvl(c10, c9)
2
2
select nvl(null, c10) from t1;
nvl(null, c10)
2
2
select nvl(c10, c10) from t1;
nvl(c10, c10)
2
2
select nvl(null, c10) from t1;
nvl(null, c10)
2
2
select nvl(c10, c11) from t1;
nvl(c10, c11)
2
2
select nvl(null, c10) from t1;
nvl(null, c10)
2
2
select nvl(c10, c12) from t1;
nvl(c10, c12)
2
2
select nvl(null, c10) from t1;
nvl(null, c10)
2
2
select nvl(c10, c13) from t1;
nvl(c10, c13)
2
2
select nvl(null, c10) from t1;
nvl(null, c10)
2
2
select nvl(c10, c14) from t1;
nvl(c10, c14)
2
2
select nvl(null, c10) from t1;
nvl(null, c10)
2
2
select nvl(c10, c15) from t1;
nvl(c10, c15)
2
2
select nvl(null, c10) from t1;
nvl(null, c10)
2
2
select nvl(c10, c16) from t1;
nvl(c10, c16)
2
2
select nvl(null, c10) from t1;
nvl(null, c10)
2
2
select nvl(c10, c17) from t1;
nvl(c10, c17)
2
2
select nvl(null, c10) from t1;
nvl(null, c10)
2
2
select nvl(c10, c18) from t1;
nvl(c10, c18)
2
2
select nvl(null, c10) from t1;
nvl(null, c10)
2
2
select nvl(c10, c19) from t1;
nvl(c10, c19)
2
2
select nvl(null, c10) from t1;
nvl(null, c10)
2
2
select nvl(c10, c20) from t1;
nvl(c10, c20)
2
2
select nvl(null, c10) from t1;
nvl(null, c10)
2
2
select nvl(c10, c21) from t1;
nvl(c10, c21)
2
2
select nvl(null, c10) from t1;
nvl(null, c10)
2
2
select nvl(c10, c22) from t1;
nvl(c10, c22)
2
2
select nvl(null, c10) from t1;
nvl(null, c10)
2
2
select nvl(c11, c1) from t1;
nvl(c11, c1)
1
-1
select nvl(null, c11) from t1;
nvl(null, c11)
1
-1
select nvl(c11, c2) from t1;
nvl(c11, c2)
1
-1
select nvl(null, c11) from t1;
nvl(null, c11)
1
-1
select nvl(c11, c3) from t1;
nvl(c11, c3)
1
-1
select nvl(null, c11) from t1;
nvl(null, c11)
1
-1
select nvl(c11, c4) from t1;
nvl(c11, c4)
1
-1
select nvl(null, c11) from t1;
nvl(null, c11)
1
-1
select nvl(c11, c5) from t1;
nvl(c11, c5)
1
-1
select nvl(null, c11) from t1;
nvl(null, c11)
1
-1
select nvl(c11, c6) from t1;
nvl(c11, c6)
1
-1
select nvl(null, c11) from t1;
nvl(null, c11)
1
-1
select nvl(c11, c7) from t1;
nvl(c11, c7)
1
-1
select nvl(null, c11) from t1;
nvl(null, c11)
1
-1
select nvl(c11, c8) from t1;
nvl(c11, c8)
1
-1
select nvl(null, c11) from t1;
nvl(null, c11)
1
-1
select nvl(c11, c9) from t1;
nvl(c11, c9)
1
-1
select nvl(null, c11) from t1;
nvl(null, c11)
1
-1
select nvl(c11, c10) from t1;
nvl(c11, c10)
1
-1
select nvl(null, c11) from t1;
nvl(null, c11)
1
-1
select nvl(c11, c11) from t1;
nvl(c11, c11)
1
-1
select nvl(null, c11) from t1;
nvl(null, c11)
1
-1
select nvl(c11, c12) from t1;
nvl(c11, c12)
1
-1
select nvl(null, c11) from t1;
nvl(null, c11)
1
-1
select nvl(c11, c13) from t1;
nvl(c11, c13)
1
-1
select nvl(null, c11) from t1;
nvl(null, c11)
1
-1
select nvl(c11, c14) from t1;
nvl(c11, c14)
1
-1
select nvl(null, c11) from t1;
nvl(null, c11)
1
-1
select nvl(c11, c15) from t1;
nvl(c11, c15)
1
-1
select nvl(null, c11) from t1;
nvl(null, c11)
1
-1
select nvl(c11, c16) from t1;
nvl(c11, c16)
1
-1
select nvl(null, c11) from t1;
nvl(null, c11)
1
-1
select nvl(c11, c17) from t1;
nvl(c11, c17)
1
-1
select nvl(null, c11) from t1;
nvl(null, c11)
1
-1
select nvl(c11, c18) from t1;
nvl(c11, c18)
1
-1
select nvl(null, c11) from t1;
nvl(null, c11)
1
-1
select nvl(c11, c19) from t1;
nvl(c11, c19)
1
-1
select nvl(null, c11) from t1;
nvl(null, c11)
1
-1
select nvl(c11, c20) from t1;
nvl(c11, c20)
1
-1
select nvl(null, c11) from t1;
nvl(null, c11)
1
-1
select nvl(c11, c21) from t1;
nvl(c11, c21)
1
-1
select nvl(null, c11) from t1;
nvl(null, c11)
1
-1
select nvl(c11, c22) from t1;
nvl(c11, c22)
1
-1
select nvl(null, c11) from t1;
nvl(null, c11)
1
-1
select nvl(c12, c1) from t1;
nvl(c12, c1)
2
2
select nvl(null, c12) from t1;
nvl(null, c12)
2
2
select nvl(c12, c2) from t1;
nvl(c12, c2)
2
2
select nvl(null, c12) from t1;
nvl(null, c12)
2
2
select nvl(c12, c3) from t1;
nvl(c12, c3)
2
2
select nvl(null, c12) from t1;
nvl(null, c12)
2
2
select nvl(c12, c4) from t1;
nvl(c12, c4)
2
2
select nvl(null, c12) from t1;
nvl(null, c12)
2
2
select nvl(c12, c5) from t1;
nvl(c12, c5)
2
2
select nvl(null, c12) from t1;
nvl(null, c12)
2
2
select nvl(c12, c6) from t1;
nvl(c12, c6)
2
2
select nvl(null, c12) from t1;
nvl(null, c12)
2
2
select nvl(c12, c7) from t1;
nvl(c12, c7)
2
2
select nvl(null, c12) from t1;
nvl(null, c12)
2
2
select nvl(c12, c8) from t1;
nvl(c12, c8)
2
2
select nvl(null, c12) from t1;
nvl(null, c12)
2
2
select nvl(c12, c9) from t1;
nvl(c12, c9)
2
2
select nvl(null, c12) from t1;
nvl(null, c12)
2
2
select nvl(c12, c10) from t1;
nvl(c12, c10)
2
2
select nvl(null, c12) from t1;
nvl(null, c12)
2
2
select nvl(c12, c11) from t1;
nvl(c12, c11)
2
2
select nvl(null, c12) from t1;
nvl(null, c12)
2
2
select nvl(c12, c12) from t1;
nvl(c12, c12)
2
2
select nvl(null, c12) from t1;
nvl(null, c12)
2
2
select nvl(c12, c13) from t1;
nvl(c12, c13)
2
2
select nvl(null, c12) from t1;
nvl(null, c12)
2
2
select nvl(c12, c14) from t1;
nvl(c12, c14)
2
2
select nvl(null, c12) from t1;
nvl(null, c12)
2
2
select nvl(c12, c15) from t1;
nvl(c12, c15)
2
2
select nvl(null, c12) from t1;
nvl(null, c12)
2
2
select nvl(c12, c16) from t1;
nvl(c12, c16)
2
2
select nvl(null, c12) from t1;
nvl(null, c12)
2
2
select nvl(c12, c17) from t1;
nvl(c12, c17)
2
2
select nvl(null, c12) from t1;
nvl(null, c12)
2
2
select nvl(c12, c18) from t1;
nvl(c12, c18)
2
2
select nvl(null, c12) from t1;
nvl(null, c12)
2
2
select nvl(c12, c19) from t1;
nvl(c12, c19)
2
2
select nvl(null, c12) from t1;
nvl(null, c12)
2
2
select nvl(c12, c20) from t1;
nvl(c12, c20)
2
2
select nvl(null, c12) from t1;
nvl(null, c12)
2
2
select nvl(c12, c21) from t1;
nvl(c12, c21)
2
2
select nvl(null, c12) from t1;
nvl(null, c12)
2
2
select nvl(c12, c22) from t1;
nvl(c12, c22)
2
2
select nvl(null, c12) from t1;
nvl(null, c12)
2
2
select nvl(c13, c1) from t1;
nvl(c13, c1)
3.5
-3.5
select nvl(null, c13) from t1;
nvl(null, c13)
3.5
-3.5
select nvl(c13, c2) from t1;
nvl(c13, c2)
3.5
-3.5
select nvl(null, c13) from t1;
nvl(null, c13)
3.5
-3.5
select nvl(c13, c3) from t1;
nvl(c13, c3)
3.5
-3.5
select nvl(null, c13) from t1;
nvl(null, c13)
3.5
-3.5
select nvl(c13, c4) from t1;
nvl(c13, c4)
3.5
-3.5
select nvl(null, c13) from t1;
nvl(null, c13)
3.5
-3.5
select nvl(c13, c5) from t1;
nvl(c13, c5)
3.5
-3.5
select nvl(null, c13) from t1;
nvl(null, c13)
3.5
-3.5
select nvl(c13, c6) from t1;
nvl(c13, c6)
3.5
-3.5
select nvl(null, c13) from t1;
nvl(null, c13)
3.5
-3.5
select nvl(c13, c7) from t1;
nvl(c13, c7)
3.5
-3.5
select nvl(null, c13) from t1;
nvl(null, c13)
3.5
-3.5
select nvl(c13, c8) from t1;
nvl(c13, c8)
3.5
-3.5
select nvl(null, c13) from t1;
nvl(null, c13)
3.5
-3.5
select nvl(c13, c9) from t1;
nvl(c13, c9)
3.5
-3.5
select nvl(null, c13) from t1;
nvl(null, c13)
3.5
-3.5
select nvl(c13, c10) from t1;
nvl(c13, c10)
3.5
-3.5
select nvl(null, c13) from t1;
nvl(null, c13)
3.5
-3.5
select nvl(c13, c11) from t1;
nvl(c13, c11)
3.5
-3.5
select nvl(null, c13) from t1;
nvl(null, c13)
3.5
-3.5
select nvl(c13, c12) from t1;
nvl(c13, c12)
3.5
-3.5
select nvl(null, c13) from t1;
nvl(null, c13)
3.5
-3.5
select nvl(c13, c13) from t1;
nvl(c13, c13)
3.5
-3.5
select nvl(null, c13) from t1;
nvl(null, c13)
3.5
-3.5
select nvl(c13, c14) from t1;
nvl(c13, c14)
3.5
-3.5
select nvl(null, c13) from t1;
nvl(null, c13)
3.5
-3.5
select nvl(c13, c15) from t1;
nvl(c13, c15)
3.5
-3.5
select nvl(null, c13) from t1;
nvl(null, c13)
3.5
-3.5
select nvl(c13, c16) from t1;
nvl(c13, c16)
3.5
-3.5
select nvl(null, c13) from t1;
nvl(null, c13)
3.5
-3.5
select nvl(c13, c17) from t1;
nvl(c13, c17)
3.5
-3.5
select nvl(null, c13) from t1;
nvl(null, c13)
3.5
-3.5
select nvl(c13, c18) from t1;
nvl(c13, c18)
3.5
-3.5
select nvl(null, c13) from t1;
nvl(null, c13)
3.5
-3.5
select nvl(c13, c19) from t1;
nvl(c13, c19)
3.5
-3.5
select nvl(null, c13) from t1;
nvl(null, c13)
3.5
-3.5
select nvl(c13, c20) from t1;
nvl(c13, c20)
3.5
-3.5
select nvl(null, c13) from t1;
nvl(null, c13)
3.5
-3.5
select nvl(c13, c21) from t1;
nvl(c13, c21)
3.5
-3.5
select nvl(null, c13) from t1;
nvl(null, c13)
3.5
-3.5
select nvl(c13, c22) from t1;
nvl(c13, c22)
3.5
-3.5
select nvl(null, c13) from t1;
nvl(null, c13)
3.5
-3.5
select nvl(c14, c1) from t1;
nvl(c14, c1)
4.5
4.5
select nvl(null, c14) from t1;
nvl(null, c14)
4.5
4.5
select nvl(c14, c2) from t1;
nvl(c14, c2)
4.5
4.5
select nvl(null, c14) from t1;
nvl(null, c14)
4.5
4.5
select nvl(c14, c3) from t1;
nvl(c14, c3)
4.5
4.5
select nvl(null, c14) from t1;
nvl(null, c14)
4.5
4.5
select nvl(c14, c4) from t1;
nvl(c14, c4)
4.5
4.5
select nvl(null, c14) from t1;
nvl(null, c14)
4.5
4.5
select nvl(c14, c5) from t1;
nvl(c14, c5)
4.5
4.5
select nvl(null, c14) from t1;
nvl(null, c14)
4.5
4.5
select nvl(c14, c6) from t1;
nvl(c14, c6)
4.5
4.5
select nvl(null, c14) from t1;
nvl(null, c14)
4.5
4.5
select nvl(c14, c7) from t1;
nvl(c14, c7)
4.5
4.5
select nvl(null, c14) from t1;
nvl(null, c14)
4.5
4.5
select nvl(c14, c8) from t1;
nvl(c14, c8)
4.5
4.5
select nvl(null, c14) from t1;
nvl(null, c14)
4.5
4.5
select nvl(c14, c9) from t1;
nvl(c14, c9)
4.5
4.5
select nvl(null, c14) from t1;
nvl(null, c14)
4.5
4.5
select nvl(c14, c10) from t1;
nvl(c14, c10)
4.5
4.5
select nvl(null, c14) from t1;
nvl(null, c14)
4.5
4.5
select nvl(c14, c11) from t1;
nvl(c14, c11)
4.5
4.5
select nvl(null, c14) from t1;
nvl(null, c14)
4.5
4.5
select nvl(c14, c12) from t1;
nvl(c14, c12)
4.5
4.5
select nvl(null, c14) from t1;
nvl(null, c14)
4.5
4.5
select nvl(c14, c13) from t1;
nvl(c14, c13)
4.5
4.5
select nvl(null, c14) from t1;
nvl(null, c14)
4.5
4.5
select nvl(c14, c14) from t1;
nvl(c14, c14)
4.5
4.5
select nvl(null, c14) from t1;
nvl(null, c14)
4.5
4.5
select nvl(c14, c15) from t1;
nvl(c14, c15)
4.5
4.5
select nvl(null, c14) from t1;
nvl(null, c14)
4.5
4.5
select nvl(c14, c16) from t1;
nvl(c14, c16)
4.5
4.5
select nvl(null, c14) from t1;
nvl(null, c14)
4.5
4.5
select nvl(c14, c17) from t1;
nvl(c14, c17)
4.5
4.5
select nvl(null, c14) from t1;
nvl(null, c14)
4.5
4.5
select nvl(c14, c18) from t1;
nvl(c14, c18)
4.5
4.5
select nvl(null, c14) from t1;
nvl(null, c14)
4.5
4.5
select nvl(c14, c19) from t1;
nvl(c14, c19)
4.5
4.5
select nvl(null, c14) from t1;
nvl(null, c14)
4.5
4.5
select nvl(c14, c20) from t1;
nvl(c14, c20)
4.5
4.5
select nvl(null, c14) from t1;
nvl(null, c14)
4.5
4.5
select nvl(c14, c21) from t1;
nvl(c14, c21)
4.5
4.5
select nvl(null, c14) from t1;
nvl(null, c14)
4.5
4.5
select nvl(c14, c22) from t1;
nvl(c14, c22)
4.5
4.5
select nvl(null, c14) from t1;
nvl(null, c14)
4.5
4.5
select nvl(c15, c1) from t1;
nvl(c15, c1)
5.5
-5.5
select nvl(null, c15) from t1;
nvl(null, c15)
5.5
-5.5
select nvl(c15, c2) from t1;
nvl(c15, c2)
5.5
-5.5
select nvl(null, c15) from t1;
nvl(null, c15)
5.5
-5.5
select nvl(c15, c3) from t1;
nvl(c15, c3)
5.5
-5.5
select nvl(null, c15) from t1;
nvl(null, c15)
5.5
-5.5
select nvl(c15, c4) from t1;
nvl(c15, c4)
5.5
-5.5
select nvl(null, c15) from t1;
nvl(null, c15)
5.5
-5.5
select nvl(c15, c5) from t1;
nvl(c15, c5)
5.5
-5.5
select nvl(null, c15) from t1;
nvl(null, c15)
5.5
-5.5
select nvl(c15, c6) from t1;
nvl(c15, c6)
5.5
-5.5
select nvl(null, c15) from t1;
nvl(null, c15)
5.5
-5.5
select nvl(c15, c7) from t1;
nvl(c15, c7)
5.5
-5.5
select nvl(null, c15) from t1;
nvl(null, c15)
5.5
-5.5
select nvl(c15, c8) from t1;
nvl(c15, c8)
5.5
-5.5
select nvl(null, c15) from t1;
nvl(null, c15)
5.5
-5.5
select nvl(c15, c9) from t1;
nvl(c15, c9)
5.5
-5.5
select nvl(null, c15) from t1;
nvl(null, c15)
5.5
-5.5
select nvl(c15, c10) from t1;
nvl(c15, c10)
5.5
-5.5
select nvl(null, c15) from t1;
nvl(null, c15)
5.5
-5.5
select nvl(c15, c11) from t1;
nvl(c15, c11)
5.5
-5.5
select nvl(null, c15) from t1;
nvl(null, c15)
5.5
-5.5
select nvl(c15, c12) from t1;
nvl(c15, c12)
5.5
-5.5
select nvl(null, c15) from t1;
nvl(null, c15)
5.5
-5.5
select nvl(c15, c13) from t1;
nvl(c15, c13)
5.5
-5.5
select nvl(null, c15) from t1;
nvl(null, c15)
5.5
-5.5
select nvl(c15, c14) from t1;
nvl(c15, c14)
5.5
-5.5
select nvl(null, c15) from t1;
nvl(null, c15)
5.5
-5.5
select nvl(c15, c15) from t1;
nvl(c15, c15)
5.5
-5.5
select nvl(null, c15) from t1;
nvl(null, c15)
5.5
-5.5
select nvl(c15, c16) from t1;
nvl(c15, c16)
5.5
-5.5
select nvl(null, c15) from t1;
nvl(null, c15)
5.5
-5.5
select nvl(c15, c17) from t1;
nvl(c15, c17)
5.5
-5.5
select nvl(null, c15) from t1;
nvl(null, c15)
5.5
-5.5
select nvl(c15, c18) from t1;
nvl(c15, c18)
5.5
-5.5
select nvl(null, c15) from t1;
nvl(null, c15)
5.5
-5.5
select nvl(c15, c19) from t1;
nvl(c15, c19)
5.5
-5.5
select nvl(null, c15) from t1;
nvl(null, c15)
5.5
-5.5
select nvl(c15, c20) from t1;
nvl(c15, c20)
5.5
-5.5
select nvl(null, c15) from t1;
nvl(null, c15)
5.5
-5.5
select nvl(c15, c21) from t1;
nvl(c15, c21)
5.5
-5.5
select nvl(null, c15) from t1;
nvl(null, c15)
5.5
-5.5
select nvl(c15, c22) from t1;
nvl(c15, c22)
5.5
-5.5
select nvl(null, c15) from t1;
nvl(null, c15)
5.5
-5.5
select nvl(c16, c1) from t1;
nvl(c16, c1)
6.5
6.5
select nvl(null, c16) from t1;
nvl(null, c16)
6.5
6.5
select nvl(c16, c2) from t1;
nvl(c16, c2)
6.5
6.5
select nvl(null, c16) from t1;
nvl(null, c16)
6.5
6.5
select nvl(c16, c3) from t1;
nvl(c16, c3)
6.5
6.5
select nvl(null, c16) from t1;
nvl(null, c16)
6.5
6.5
select nvl(c16, c4) from t1;
nvl(c16, c4)
6.5
6.5
select nvl(null, c16) from t1;
nvl(null, c16)
6.5
6.5
select nvl(c16, c5) from t1;
nvl(c16, c5)
6.5
6.5
select nvl(null, c16) from t1;
nvl(null, c16)
6.5
6.5
select nvl(c16, c6) from t1;
nvl(c16, c6)
6.5
6.5
select nvl(null, c16) from t1;
nvl(null, c16)
6.5
6.5
select nvl(c16, c7) from t1;
nvl(c16, c7)
6.5
6.5
select nvl(null, c16) from t1;
nvl(null, c16)
6.5
6.5
select nvl(c16, c8) from t1;
nvl(c16, c8)
6.5
6.5
select nvl(null, c16) from t1;
nvl(null, c16)
6.5
6.5
select nvl(c16, c9) from t1;
nvl(c16, c9)
6.5
6.5
select nvl(null, c16) from t1;
nvl(null, c16)
6.5
6.5
select nvl(c16, c10) from t1;
nvl(c16, c10)
6.5
6.5
select nvl(null, c16) from t1;
nvl(null, c16)
6.5
6.5
select nvl(c16, c11) from t1;
nvl(c16, c11)
6.5
6.5
select nvl(null, c16) from t1;
nvl(null, c16)
6.5
6.5
select nvl(c16, c12) from t1;
nvl(c16, c12)
6.5
6.5
select nvl(null, c16) from t1;
nvl(null, c16)
6.5
6.5
select nvl(c16, c13) from t1;
nvl(c16, c13)
6.5
6.5
select nvl(null, c16) from t1;
nvl(null, c16)
6.5
6.5
select nvl(c16, c14) from t1;
nvl(c16, c14)
6.5
6.5
select nvl(null, c16) from t1;
nvl(null, c16)
6.5
6.5
select nvl(c16, c15) from t1;
nvl(c16, c15)
6.5
6.5
select nvl(null, c16) from t1;
nvl(null, c16)
6.5
6.5
select nvl(c16, c16) from t1;
nvl(c16, c16)
6.5
6.5
select nvl(null, c16) from t1;
nvl(null, c16)
6.5
6.5
select nvl(c16, c17) from t1;
nvl(c16, c17)
6.5
6.5
select nvl(null, c16) from t1;
nvl(null, c16)
6.5
6.5
select nvl(c16, c18) from t1;
nvl(c16, c18)
6.5
6.5
select nvl(null, c16) from t1;
nvl(null, c16)
6.5
6.5
select nvl(c16, c19) from t1;
nvl(c16, c19)
6.5
6.5
select nvl(null, c16) from t1;
nvl(null, c16)
6.5
6.5
select nvl(c16, c20) from t1;
nvl(c16, c20)
6.5
6.5
select nvl(null, c16) from t1;
nvl(null, c16)
6.5
6.5
select nvl(c16, c21) from t1;
nvl(c16, c21)
6.5
6.5
select nvl(null, c16) from t1;
nvl(null, c16)
6.5
6.5
select nvl(c16, c22) from t1;
nvl(c16, c22)
6.5
6.5
select nvl(null, c16) from t1;
nvl(null, c16)
6.5
6.5
select nvl(c17, c1) from t1;
nvl(c17, c1)
8
-8
select nvl(null, c17) from t1;
nvl(null, c17)
8
-8
select nvl(c17, c2) from t1;
nvl(c17, c2)
8
-8
select nvl(null, c17) from t1;
nvl(null, c17)
8
-8
select nvl(c17, c3) from t1;
nvl(c17, c3)
8
-8
select nvl(null, c17) from t1;
nvl(null, c17)
8
-8
select nvl(c17, c4) from t1;
nvl(c17, c4)
8
-8
select nvl(null, c17) from t1;
nvl(null, c17)
8
-8
select nvl(c17, c5) from t1;
nvl(c17, c5)
8
-8
select nvl(null, c17) from t1;
nvl(null, c17)
8
-8
select nvl(c17, c6) from t1;
nvl(c17, c6)
8
-8
select nvl(null, c17) from t1;
nvl(null, c17)
8
-8
select nvl(c17, c7) from t1;
nvl(c17, c7)
8
-8
select nvl(null, c17) from t1;
nvl(null, c17)
8
-8
select nvl(c17, c8) from t1;
nvl(c17, c8)
8
-8
select nvl(null, c17) from t1;
nvl(null, c17)
8
-8
select nvl(c17, c9) from t1;
nvl(c17, c9)
8
-8
select nvl(null, c17) from t1;
nvl(null, c17)
8
-8
select nvl(c17, c10) from t1;
nvl(c17, c10)
8
-8
select nvl(null, c17) from t1;
nvl(null, c17)
8
-8
select nvl(c17, c11) from t1;
nvl(c17, c11)
8
-8
select nvl(null, c17) from t1;
nvl(null, c17)
8
-8
select nvl(c17, c12) from t1;
nvl(c17, c12)
8
-8
select nvl(null, c17) from t1;
nvl(null, c17)
8
-8
select nvl(c17, c13) from t1;
nvl(c17, c13)
8
-8
select nvl(null, c17) from t1;
nvl(null, c17)
8
-8
select nvl(c17, c14) from t1;
nvl(c17, c14)
8
-8
select nvl(null, c17) from t1;
nvl(null, c17)
8
-8
select nvl(c17, c15) from t1;
nvl(c17, c15)
8
-8
select nvl(null, c17) from t1;
nvl(null, c17)
8
-8
select nvl(c17, c16) from t1;
nvl(c17, c16)
8
-8
select nvl(null, c17) from t1;
nvl(null, c17)
8
-8
select nvl(c17, c17) from t1;
nvl(c17, c17)
8
-8
select nvl(null, c17) from t1;
nvl(null, c17)
8
-8
select nvl(c17, c18) from t1;
nvl(c17, c18)
8
-8
select nvl(null, c17) from t1;
nvl(null, c17)
8
-8
select nvl(c17, c19) from t1;
nvl(c17, c19)
8
-8
select nvl(null, c17) from t1;
nvl(null, c17)
8
-8
select nvl(c17, c20) from t1;
nvl(c17, c20)
8
-8
select nvl(null, c17) from t1;
nvl(null, c17)
8
-8
select nvl(c17, c21) from t1;
nvl(c17, c21)
8
-8
select nvl(null, c17) from t1;
nvl(null, c17)
8
-8
select nvl(c17, c22) from t1;
nvl(c17, c22)
8
-8
select nvl(null, c17) from t1;
nvl(null, c17)
8
-8
select nvl(c18, c1) from t1;
nvl(c18, c1)
9
9
select nvl(null, c18) from t1;
nvl(null, c18)
9
9
select nvl(c18, c2) from t1;
nvl(c18, c2)
9
9
select nvl(null, c18) from t1;
nvl(null, c18)
9
9
select nvl(c18, c3) from t1;
nvl(c18, c3)
9
9
select nvl(null, c18) from t1;
nvl(null, c18)
9
9
select nvl(c18, c4) from t1;
nvl(c18, c4)
9
9
select nvl(null, c18) from t1;
nvl(null, c18)
9
9
select nvl(c18, c5) from t1;
nvl(c18, c5)
9
9
select nvl(null, c18) from t1;
nvl(null, c18)
9
9
select nvl(c18, c6) from t1;
nvl(c18, c6)
9
9
select nvl(null, c18) from t1;
nvl(null, c18)
9
9
select nvl(c18, c7) from t1;
nvl(c18, c7)
9
9
select nvl(null, c18) from t1;
nvl(null, c18)
9
9
select nvl(c18, c8) from t1;
nvl(c18, c8)
9
9
select nvl(null, c18) from t1;
nvl(null, c18)
9
9
select nvl(c18, c9) from t1;
nvl(c18, c9)
9
9
select nvl(null, c18) from t1;
nvl(null, c18)
9
9
select nvl(c18, c10) from t1;
nvl(c18, c10)
9
9
select nvl(null, c18) from t1;
nvl(null, c18)
9
9
select nvl(c18, c11) from t1;
nvl(c18, c11)
9
9
select nvl(null, c18) from t1;
nvl(null, c18)
9
9
select nvl(c18, c12) from t1;
nvl(c18, c12)
9
9
select nvl(null, c18) from t1;
nvl(null, c18)
9
9
select nvl(c18, c13) from t1;
nvl(c18, c13)
9
9
select nvl(null, c18) from t1;
nvl(null, c18)
9
9
select nvl(c18, c14) from t1;
nvl(c18, c14)
9
9
select nvl(null, c18) from t1;
nvl(null, c18)
9
9
select nvl(c18, c15) from t1;
nvl(c18, c15)
9
9
select nvl(null, c18) from t1;
nvl(null, c18)
9
9
select nvl(c18, c16) from t1;
nvl(c18, c16)
9
9
select nvl(null, c18) from t1;
nvl(null, c18)
9
9
select nvl(c18, c17) from t1;
nvl(c18, c17)
9
9
select nvl(null, c18) from t1;
nvl(null, c18)
9
9
select nvl(c18, c18) from t1;
nvl(c18, c18)
9
9
select nvl(null, c18) from t1;
nvl(null, c18)
9
9
select nvl(c18, c19) from t1;
nvl(c18, c19)
9
9
select nvl(null, c18) from t1;
nvl(null, c18)
9
9
select nvl(c18, c20) from t1;
nvl(c18, c20)
9
9
select nvl(null, c18) from t1;
nvl(null, c18)
9
9
select nvl(c18, c21) from t1;
nvl(c18, c21)
9
9
select nvl(null, c18) from t1;
nvl(null, c18)
9
9
select nvl(c18, c22) from t1;
nvl(c18, c22)
9
9
select nvl(null, c18) from t1;
nvl(null, c18)
9
9
select nvl(c19, c1) from t1;
nvl(c19, c1)
2019-12-01 12:00:00
2019-12-01 12:00:00
select nvl(null, c19) from t1;
nvl(null, c19)
2019-12-01 12:00:00
2019-12-01 12:00:00
select nvl(c19, c2) from t1;
nvl(c19, c2)
2019-12-01 12:00:00
2019-12-01 12:00:00
select nvl(null, c19) from t1;
nvl(null, c19)
2019-12-01 12:00:00
2019-12-01 12:00:00
select nvl(c19, c3) from t1;
nvl(c19, c3)
2019-12-01 12:00:00
2019-12-01 12:00:00
select nvl(null, c19) from t1;
nvl(null, c19)
2019-12-01 12:00:00
2019-12-01 12:00:00
select nvl(c19, c4) from t1;
nvl(c19, c4)
2019-12-01 12:00:00
2019-12-01 12:00:00
select nvl(null, c19) from t1;
nvl(null, c19)
2019-12-01 12:00:00
2019-12-01 12:00:00
select nvl(c19, c5) from t1;
nvl(c19, c5)
2019-12-01 12:00:00
2019-12-01 12:00:00
select nvl(null, c19) from t1;
nvl(null, c19)
2019-12-01 12:00:00
2019-12-01 12:00:00
select nvl(c19, c6) from t1;
nvl(c19, c6)
2019-12-01 12:00:00
2019-12-01 12:00:00
select nvl(null, c19) from t1;
nvl(null, c19)
2019-12-01 12:00:00
2019-12-01 12:00:00
select nvl(c19, c7) from t1;
nvl(c19, c7)
2019-12-01 12:00:00
2019-12-01 12:00:00
select nvl(null, c19) from t1;
nvl(null, c19)
2019-12-01 12:00:00
2019-12-01 12:00:00
select nvl(c19, c8) from t1;
nvl(c19, c8)
2019-12-01 12:00:00
2019-12-01 12:00:00
select nvl(null, c19) from t1;
nvl(null, c19)
2019-12-01 12:00:00
2019-12-01 12:00:00
select nvl(c19, c9) from t1;
nvl(c19, c9)
2019-12-01 12:00:00
2019-12-01 12:00:00
select nvl(null, c19) from t1;
nvl(null, c19)
2019-12-01 12:00:00
2019-12-01 12:00:00
select nvl(c19, c10) from t1;
nvl(c19, c10)
2019-12-01 12:00:00
2019-12-01 12:00:00
select nvl(null, c19) from t1;
nvl(null, c19)
2019-12-01 12:00:00
2019-12-01 12:00:00
select nvl(c19, c11) from t1;
nvl(c19, c11)
2019-12-01 12:00:00
2019-12-01 12:00:00
select nvl(null, c19) from t1;
nvl(null, c19)
2019-12-01 12:00:00
2019-12-01 12:00:00
select nvl(c19, c12) from t1;
nvl(c19, c12)
2019-12-01 12:00:00
2019-12-01 12:00:00
select nvl(null, c19) from t1;
nvl(null, c19)
2019-12-01 12:00:00
2019-12-01 12:00:00
select nvl(c19, c13) from t1;
nvl(c19, c13)
2019-12-01 12:00:00
2019-12-01 12:00:00
select nvl(null, c19) from t1;
nvl(null, c19)
2019-12-01 12:00:00
2019-12-01 12:00:00
select nvl(c19, c14) from t1;
nvl(c19, c14)
2019-12-01 12:00:00
2019-12-01 12:00:00
select nvl(null, c19) from t1;
nvl(null, c19)
2019-12-01 12:00:00
2019-12-01 12:00:00
select nvl(c19, c15) from t1;
nvl(c19, c15)
2019-12-01 12:00:00
2019-12-01 12:00:00
select nvl(null, c19) from t1;
nvl(null, c19)
2019-12-01 12:00:00
2019-12-01 12:00:00
select nvl(c19, c16) from t1;
nvl(c19, c16)
2019-12-01 12:00:00
2019-12-01 12:00:00
select nvl(null, c19) from t1;
nvl(null, c19)
2019-12-01 12:00:00
2019-12-01 12:00:00
select nvl(c19, c17) from t1;
nvl(c19, c17)
2019-12-01 12:00:00
2019-12-01 12:00:00
select nvl(null, c19) from t1;
nvl(null, c19)
2019-12-01 12:00:00
2019-12-01 12:00:00
select nvl(c19, c18) from t1;
nvl(c19, c18)
2019-12-01 12:00:00
2019-12-01 12:00:00
select nvl(null, c19) from t1;
nvl(null, c19)
2019-12-01 12:00:00
2019-12-01 12:00:00
select nvl(c19, c19) from t1;
nvl(c19, c19)
2019-12-01 12:00:00
2019-12-01 12:00:00
select nvl(null, c19) from t1;
nvl(null, c19)
2019-12-01 12:00:00
2019-12-01 12:00:00
select nvl(c19, c20) from t1;
nvl(c19, c20)
2019-12-01 12:00:00
2019-12-01 12:00:00
select nvl(null, c19) from t1;
nvl(null, c19)
2019-12-01 12:00:00
2019-12-01 12:00:00
select nvl(c19, c21) from t1;
nvl(c19, c21)
2019-12-01 12:00:00
2019-12-01 12:00:00
select nvl(null, c19) from t1;
nvl(null, c19)
2019-12-01 12:00:00
2019-12-01 12:00:00
select nvl(c19, c22) from t1;
nvl(c19, c22)
2019-12-01 12:00:00
2019-12-01 12:00:00
select nvl(null, c19) from t1;
nvl(null, c19)
2019-12-01 12:00:00
2019-12-01 12:00:00
select nvl(c20, c1) from t1;
nvl(c20, c1)
2019-12-03 06:00:00
2019-12-03 06:00:00
select nvl(null, c20) from t1;
nvl(null, c20)
2019-12-03 06:00:00
2019-12-03 06:00:00
select nvl(c20, c2) from t1;
nvl(c20, c2)
2019-12-03 06:00:00
2019-12-03 06:00:00
select nvl(null, c20) from t1;
nvl(null, c20)
2019-12-03 06:00:00
2019-12-03 06:00:00
select nvl(c20, c3) from t1;
nvl(c20, c3)
2019-12-03 06:00:00
2019-12-03 06:00:00
select nvl(null, c20) from t1;
nvl(null, c20)
2019-12-03 06:00:00
2019-12-03 06:00:00
select nvl(c20, c4) from t1;
nvl(c20, c4)
2019-12-03 06:00:00
2019-12-03 06:00:00
select nvl(null, c20) from t1;
nvl(null, c20)
2019-12-03 06:00:00
2019-12-03 06:00:00
select nvl(c20, c5) from t1;
nvl(c20, c5)
2019-12-03 06:00:00
2019-12-03 06:00:00
select nvl(null, c20) from t1;
nvl(null, c20)
2019-12-03 06:00:00
2019-12-03 06:00:00
select nvl(c20, c6) from t1;
nvl(c20, c6)
2019-12-03 06:00:00
2019-12-03 06:00:00
select nvl(null, c20) from t1;
nvl(null, c20)
2019-12-03 06:00:00
2019-12-03 06:00:00
select nvl(c20, c7) from t1;
nvl(c20, c7)
2019-12-03 06:00:00
2019-12-03 06:00:00
select nvl(null, c20) from t1;
nvl(null, c20)
2019-12-03 06:00:00
2019-12-03 06:00:00
select nvl(c20, c8) from t1;
nvl(c20, c8)
2019-12-03 06:00:00
2019-12-03 06:00:00
select nvl(null, c20) from t1;
nvl(null, c20)
2019-12-03 06:00:00
2019-12-03 06:00:00
select nvl(c20, c9) from t1;
nvl(c20, c9)
2019-12-03 06:00:00
2019-12-03 06:00:00
select nvl(null, c20) from t1;
nvl(null, c20)
2019-12-03 06:00:00
2019-12-03 06:00:00
select nvl(c20, c10) from t1;
nvl(c20, c10)
2019-12-03 06:00:00
2019-12-03 06:00:00
select nvl(null, c20) from t1;
nvl(null, c20)
2019-12-03 06:00:00
2019-12-03 06:00:00
select nvl(c20, c11) from t1;
nvl(c20, c11)
2019-12-03 06:00:00
2019-12-03 06:00:00
select nvl(null, c20) from t1;
nvl(null, c20)
2019-12-03 06:00:00
2019-12-03 06:00:00
select nvl(c20, c12) from t1;
nvl(c20, c12)
2019-12-03 06:00:00
2019-12-03 06:00:00
select nvl(null, c20) from t1;
nvl(null, c20)
2019-12-03 06:00:00
2019-12-03 06:00:00
select nvl(c20, c13) from t1;
nvl(c20, c13)
2019-12-03 06:00:00
2019-12-03 06:00:00
select nvl(null, c20) from t1;
nvl(null, c20)
2019-12-03 06:00:00
2019-12-03 06:00:00
select nvl(c20, c14) from t1;
nvl(c20, c14)
2019-12-03 06:00:00
2019-12-03 06:00:00
select nvl(null, c20) from t1;
nvl(null, c20)
2019-12-03 06:00:00
2019-12-03 06:00:00
select nvl(c20, c15) from t1;
nvl(c20, c15)
2019-12-03 06:00:00
2019-12-03 06:00:00
select nvl(null, c20) from t1;
nvl(null, c20)
2019-12-03 06:00:00
2019-12-03 06:00:00
select nvl(c20, c16) from t1;
nvl(c20, c16)
2019-12-03 06:00:00
2019-12-03 06:00:00
select nvl(null, c20) from t1;
nvl(null, c20)
2019-12-03 06:00:00
2019-12-03 06:00:00
select nvl(c20, c17) from t1;
nvl(c20, c17)
2019-12-03 06:00:00
2019-12-03 06:00:00
select nvl(null, c20) from t1;
nvl(null, c20)
2019-12-03 06:00:00
2019-12-03 06:00:00
select nvl(c20, c18) from t1;
nvl(c20, c18)
2019-12-03 06:00:00
2019-12-03 06:00:00
select nvl(null, c20) from t1;
nvl(null, c20)
2019-12-03 06:00:00
2019-12-03 06:00:00
select nvl(c20, c19) from t1;
nvl(c20, c19)
2019-12-03 06:00:00
2019-12-03 06:00:00
select nvl(null, c20) from t1;
nvl(null, c20)
2019-12-03 06:00:00
2019-12-03 06:00:00
select nvl(c20, c20) from t1;
nvl(c20, c20)
2019-12-03 06:00:00
2019-12-03 06:00:00
select nvl(null, c20) from t1;
nvl(null, c20)
2019-12-03 06:00:00
2019-12-03 06:00:00
select nvl(c20, c21) from t1;
nvl(c20, c21)
2019-12-03 06:00:00
2019-12-03 06:00:00
select nvl(null, c20) from t1;
nvl(null, c20)
2019-12-03 06:00:00
2019-12-03 06:00:00
select nvl(c20, c22) from t1;
nvl(c20, c22)
2019-12-03 06:00:00
2019-12-03 06:00:00
select nvl(null, c20) from t1;
nvl(null, c20)
2019-12-03 06:00:00
2019-12-03 06:00:00
select nvl(c21, c1) from t1;
nvl(c21, c1)
9.5
-9.5
select nvl(null, c21) from t1;
nvl(null, c21)
9.5
-9.5
select nvl(c21, c2) from t1;
nvl(c21, c2)
9.5
-9.5
select nvl(null, c21) from t1;
nvl(null, c21)
9.5
-9.5
select nvl(c21, c3) from t1;
nvl(c21, c3)
9.5
-9.5
select nvl(null, c21) from t1;
nvl(null, c21)
9.5
-9.5
select nvl(c21, c4) from t1;
nvl(c21, c4)
9.5
-9.5
select nvl(null, c21) from t1;
nvl(null, c21)
9.5
-9.5
select nvl(c21, c5) from t1;
nvl(c21, c5)
9.5
-9.5
select nvl(null, c21) from t1;
nvl(null, c21)
9.5
-9.5
select nvl(c21, c6) from t1;
nvl(c21, c6)
9.5
-9.5
select nvl(null, c21) from t1;
nvl(null, c21)
9.5
-9.5
select nvl(c21, c7) from t1;
nvl(c21, c7)
9.5
-9.5
select nvl(null, c21) from t1;
nvl(null, c21)
9.5
-9.5
select nvl(c21, c8) from t1;
nvl(c21, c8)
9.5
-9.5
select nvl(null, c21) from t1;
nvl(null, c21)
9.5
-9.5
select nvl(c21, c9) from t1;
nvl(c21, c9)
9.5
-9.5
select nvl(null, c21) from t1;
nvl(null, c21)
9.5
-9.5
select nvl(c21, c10) from t1;
nvl(c21, c10)
9.5
-9.5
select nvl(null, c21) from t1;
nvl(null, c21)
9.5
-9.5
select nvl(c21, c11) from t1;
nvl(c21, c11)
9.5
-9.5
select nvl(null, c21) from t1;
nvl(null, c21)
9.5
-9.5
select nvl(c21, c12) from t1;
nvl(c21, c12)
9.5
-9.5
select nvl(null, c21) from t1;
nvl(null, c21)
9.5
-9.5
select nvl(c21, c13) from t1;
nvl(c21, c13)
9.5
-9.5
select nvl(null, c21) from t1;
nvl(null, c21)
9.5
-9.5
select nvl(c21, c14) from t1;
nvl(c21, c14)
9.5
-9.5
select nvl(null, c21) from t1;
nvl(null, c21)
9.5
-9.5
select nvl(c21, c15) from t1;
nvl(c21, c15)
9.5
-9.5
select nvl(null, c21) from t1;
nvl(null, c21)
9.5
-9.5
select nvl(c21, c16) from t1;
nvl(c21, c16)
9.5
-9.5
select nvl(null, c21) from t1;
nvl(null, c21)
9.5
-9.5
select nvl(c21, c17) from t1;
nvl(c21, c17)
9.5
-9.5
select nvl(null, c21) from t1;
nvl(null, c21)
9.5
-9.5
select nvl(c21, c18) from t1;
nvl(c21, c18)
9.5
-9.5
select nvl(null, c21) from t1;
nvl(null, c21)
9.5
-9.5
select nvl(c21, c19) from t1;
nvl(c21, c19)
9.5
-9.5
select nvl(null, c21) from t1;
nvl(null, c21)
9.5
-9.5
select nvl(c21, c20) from t1;
nvl(c21, c20)
9.5
-9.5
select nvl(null, c21) from t1;
nvl(null, c21)
9.5
-9.5
select nvl(c21, c21) from t1;
nvl(c21, c21)
9.5
-9.5
select nvl(null, c21) from t1;
nvl(null, c21)
9.5
-9.5
select nvl(c21, c22) from t1;
nvl(c21, c22)
9.5
-9.5
select nvl(null, c21) from t1;
nvl(null, c21)
9.5
-9.5
select nvl(c22, c1) from t1;
nvl(c22, c1)
10.5
10.5
select nvl(null, c22) from t1;
nvl(null, c22)
10.5
10.5
select nvl(c22, c2) from t1;
nvl(c22, c2)
10.5
10.5
select nvl(null, c22) from t1;
nvl(null, c22)
10.5
10.5
select nvl(c22, c3) from t1;
nvl(c22, c3)
10.5
10.5
select nvl(null, c22) from t1;
nvl(null, c22)
10.5
10.5
select nvl(c22, c4) from t1;
nvl(c22, c4)
10.5
10.5
select nvl(null, c22) from t1;
nvl(null, c22)
10.5
10.5
select nvl(c22, c5) from t1;
nvl(c22, c5)
10.5
10.5
select nvl(null, c22) from t1;
nvl(null, c22)
10.5
10.5
select nvl(c22, c6) from t1;
nvl(c22, c6)
10.5
10.5
select nvl(null, c22) from t1;
nvl(null, c22)
10.5
10.5
select nvl(c22, c7) from t1;
nvl(c22, c7)
10.5
10.5
select nvl(null, c22) from t1;
nvl(null, c22)
10.5
10.5
select nvl(c22, c8) from t1;
nvl(c22, c8)
10.5
10.5
select nvl(null, c22) from t1;
nvl(null, c22)
10.5
10.5
select nvl(c22, c9) from t1;
nvl(c22, c9)
10.5
10.5
select nvl(null, c22) from t1;
nvl(null, c22)
10.5
10.5
select nvl(c22, c10) from t1;
nvl(c22, c10)
10.5
10.5
select nvl(null, c22) from t1;
nvl(null, c22)
10.5
10.5
select nvl(c22, c11) from t1;
nvl(c22, c11)
10.5
10.5
select nvl(null, c22) from t1;
nvl(null, c22)
10.5
10.5
select nvl(c22, c12) from t1;
nvl(c22, c12)
10.5
10.5
select nvl(null, c22) from t1;
nvl(null, c22)
10.5
10.5
select nvl(c22, c13) from t1;
nvl(c22, c13)
10.5
10.5
select nvl(null, c22) from t1;
nvl(null, c22)
10.5
10.5
select nvl(c22, c14) from t1;
nvl(c22, c14)
10.5
10.5
select nvl(null, c22) from t1;
nvl(null, c22)
10.5
10.5
select nvl(c22, c15) from t1;
nvl(c22, c15)
10.5
10.5
select nvl(null, c22) from t1;
nvl(null, c22)
10.5
10.5
select nvl(c22, c16) from t1;
nvl(c22, c16)
10.5
10.5
select nvl(null, c22) from t1;
nvl(null, c22)
10.5
10.5
select nvl(c22, c17) from t1;
nvl(c22, c17)
10.5
10.5
select nvl(null, c22) from t1;
nvl(null, c22)
10.5
10.5
select nvl(c22, c18) from t1;
nvl(c22, c18)
10.5
10.5
select nvl(null, c22) from t1;
nvl(null, c22)
10.5
10.5
select nvl(c22, c19) from t1;
nvl(c22, c19)
10.5
10.5
select nvl(null, c22) from t1;
nvl(null, c22)
10.5
10.5
select nvl(c22, c20) from t1;
nvl(c22, c20)
10.5
10.5
select nvl(null, c22) from t1;
nvl(null, c22)
10.5
10.5
select nvl(c22, c21) from t1;
nvl(c22, c21)
10.5
10.5
select nvl(null, c22) from t1;
nvl(null, c22)
10.5
10.5
select nvl(c22, c22) from t1;
nvl(c22, c22)
10.5
10.5
select nvl(null, c22) from t1;
nvl(null, c22)
10.5
10.5
