connect  syscon, $OBMYSQL_MS0,admin,$OBMYSQL_PWD,test,$OBMYSQL_PORT;
drop tenant dump_tenant force;
drop resource pool new_pool1;
drop resource unit new_box1;
connect  conn1,$OBMYSQL_MS0,root@dump_tenant,,test,$OBMYSQL_PORT;
set global parallel_max_servers=10;
set global parallel_servers_target=10;
alter system set _sort_area_size='2M';
alter system set _hash_area_size='4M';
drop table t11_set;
drop table t22_set;
drop table t111_var;
drop table t333_var;
create table t11_set(c1 int,c2 int);
create table t22_set(c1 int,c2 int);
insert into t11_set values(null,null);
insert into t11_set values(1,1);
insert into t11_set values(5,5);
insert into t11_set values(1,1);
insert into t11_set values(5,5);
insert into t11_set values(12,12);
insert into t11_set values(12,12);
insert into t11_set values(22,22);
insert into t11_set values(26,26);
insert into t11_set values(22,22);
insert into t11_set values(26,26);
insert into t22_set select * from t11_set;
create table t111_var(c0 bigint primary key,c1 varchar(4000), c2 varchar(4000), c3 varchar(4000), c4 varchar(4000), c5 varchar(4000),c6 varchar(4000), c7 longtext);
insert into t111_var values(1,repeat('ab',1000),repeat('ab',1000),repeat('ab',1000),repeat('ab',1000),repeat('ab',1000),repeat('ab',1000),repeat('a',4000));
insert into t111_var select c0+1,c1,c2,c3,c4,c5,c6,c7 from t111_var;
insert into t111_var select c0+10,c1,c2,c3,c4,c5,c6,c7 from t111_var;
insert into t111_var select c0+100,c1,c2,c3,c4,c5,c6,c7 from t111_var;
insert into t111_var select c0+1000,c1,c2,c3,c4,c5,c6,c7 from t111_var;
insert into t111_var select c0+10000,c1,c2,c3,c4,c5,c6,c7 from t111_var;
insert into t111_var select c0+100000,c1,c2,c3,c4,c5,c6,c7 from t111_var;
insert into t111_var select c0+1000000,c1,c2,c3,c4,c5,c6,c7 from t111_var;
insert into t111_var select c0+10000000,c1,c2,c3,c4,c5,c6,c7 from t111_var;
insert into t111_var select c0+100000000,c1,c2,c3,c4,c5,c6,c7 from t111_var;
commit;
create table t333_var(c0 bigint ,c1 varchar(4000), c2 varchar(4000), c3 varchar(4000), c4 varchar(4000), c5 varchar(4000),c6 varchar(4000), c7 longtext);
insert into t333_var values(1,repeat('ab',1000),repeat('ab',1000),repeat('ab',1000),repeat('ab',1000),repeat('ab',1000),repeat('ab',1000),repeat('a',4000));
insert into t333_var select c0+1,c1,c2,c3,c4,c5,c6,c7 from t333_var;
insert into t333_var select c0+10,c1,c2,c3,c4,c5,c6,c7 from t333_var;
insert into t333_var select c0+100,c1,c2,c3,c4,c5,c6,c7 from t333_var;
insert into t333_var select c0+1000,c1,c2,c3,c4,c5,c6,c7 from t333_var;
insert into t333_var select c0+10000,c1,c2,c3,c4,c5,c6,c7 from t333_var;
insert into t333_var select c0+100000,c1,c2,c3,c4,c5,c6,c7 from t333_var;
insert into t333_var select c0+1000000,c1,c2,c3,c4,c5,c6,c7 from t333_var;
insert into t333_var select c0+10000000,c1,c2,c3,c4,c5,c6,c7 from t333_var;
insert into t333_var select c0+100000000,c1,c2,c3,c4,c5,c6,c7 from t333_var;
insert into t333_var values(null,null,null,null,null,null,null,null);
commit;
select c1,c2 from t11_set union select c1,c2 from t22_set where c1 > 5 and c1 != 12;
c1	c2
NULL	NULL
1	1
5	5
12	12
22	22
26	26
select c1,c2 from t11_set intersect select c1,c2 from t22_set where c1 > 5 and c1 != 12;
c1	c2
22	22
26	26
select c1,c2 from t11_set minus select c1,c2 from t22_set where c1 > 5 and c1 != 12;
c1	c2
NULL	NULL
1	1
5	5
12	12
select c1,c2 from t11_set where c1 > 5 and c1 != 12 union select c1,c2 from t22_set;
c1	c2
22	22
26	26
NULL	NULL
1	1
5	5
12	12
select c1,c2 from t11_set where c1 > 5 and c1 != 12 intersect select c1,c2 from t22_set;
c1	c2
22	22
26	26
select c1,c2 from t11_set where c1 > 5 and c1 != 12 minus select c1,c2 from t22_set;
c1	c2
select c1,c2 from t11_set union select c1,c2 from t22_set where c1 <22;
c1	c2
NULL	NULL
1	1
5	5
12	12
22	22
26	26
select c1,c2 from t11_set intersect select c1,c2 from t22_set where c1 <22;
c1	c2
1	1
5	5
12	12
select c1,c2 from t11_set minus select c1,c2 from t22_set where c1 <22;
c1	c2
NULL	NULL
22	22
26	26
set ob_query_timeout=30000000;
select /*+ use_merge(a b) */SQL_CALC_FOUND_ROWS sum(c0),sum(length(c1)),count(c2),count(c3),count(c4),count(c5),count(c6),count(c7)
from (select * from t111_var a union select * from t333_var b) order by c1 limit 1;
sum(c0)	sum(length(c1))	count(c2)	count(c3)	count(c4)	count(c5)	count(c6)	count(c7)
28444444928	1024000	512	512	512	512	512	512
select /*+ use_merge(a b) */SQL_CALC_FOUND_ROWS sum(c0),sum(length(c1)),count(c2),count(c3),count(c4),count(c5),count(c6),count(c7)
from (select * from t111_var a intersect select * from t333_var b) order by c1 limit 1;
sum(c0)	sum(length(c1))	count(c2)	count(c3)	count(c4)	count(c5)	count(c6)	count(c7)
28444444928	1024000	512	512	512	512	512	512
select /*+ use_merge(a b) */SQL_CALC_FOUND_ROWS sum(c0),sum(length(c1)),count(c2),count(c3),count(c4),count(c5),count(c6),count(c7)
from (select * from t111_var a minus select * from t333_var b) order by c1 limit 1;
sum(c0)	sum(length(c1))	count(c2)	count(c3)	count(c4)	count(c5)	count(c6)	count(c7)
NULL	NULL	0	0	0	0	0	0
select operation_type,
case when sum(optimal_executions)>0 then 1 else 0 end pass1,
case when sum(onepass_executions)>0 then 1 else 0 end pass2,
case when sum(multipasses_executions)>0 then 1 else 0 end pass3
from oceanbase.gv$sql_workarea where con_id =xxx group by operation_type order by 1,2,3,4;
operation_type	pass1	pass2	pass3
PHY_HASH_EXCEPT	0	1	0
PHY_HASH_INTERSECT	0	1	0
PHY_HASH_UNION	0	1	0
connection syscon;
drop tenant dump_tenant force;
drop resource pool new_pool1;
drop resource unit new_box1;
