connect  syscon, $OBMYSQL_MS0,admin,$OBMYSQL_PWD,test,$OBMYSQL_PORT;
connection default;
drop table t1;
drop table t2;
drop table t111_var;
create table t1(c1 int,c2 int,c3 int);
create table t2(c1 int,c2 int,c3 int);
insert into t1 values(1,2,3);
insert into t1 values(1,2,3);
insert into t1 values(0,2,3);
insert into t1 values(2,2,3);
insert into t1 values(3,2,3);
insert into t2 values(2,2,3);
insert into t2 values(2,0,3);
insert into t2 values(0,2,3);
insert into t2 values(1,2,3);
insert into t2 values(null,2,3);
insert into t2 values(1,2,3);
insert into t2 values(0,2,1);
insert into t2 values(2,2,3);
commit;
create table t111_var(c0 bigint,c1 varchar(4000), c2 varchar(4000), c3 varchar(4000), c4 varchar(4000), c5 varchar(4000),c6 varchar(4000), c7 longtext);
insert into t111_var values(1,repeat('ab',2000),repeat('ab',2000),repeat('ab',2000),repeat('ab',2000),repeat('ab',2000),repeat('ab',2000),repeat('abcdefghij',4000));
insert into t111_var select c0+1,c1,c2,c3,c4,c5,c6,c7 from t111_var;
insert into t111_var select c0+10,c1,c2,c3,c4,c5,c6,c7 from t111_var;
insert into t111_var select c0+100,c1,c2,c3,c4,c5,c6,c7 from t111_var;
insert into t111_var select c0+1000,c1,c2,c3,c4,c5,c6,c7 from t111_var;
insert into t111_var select c0+10000,c1,c2,c3,c4,c5,c6,c7 from t111_var;
insert into t111_var select c0+100000,c1,c2,c3,c4,c5,c6,c7 from t111_var;
insert into t111_var select c0+1000000,c1,c2,c3,c4,c5,c6,c7 from t111_var;
insert into t111_var select c0+10000000,c1,c2,c3,c4,c5,c6,c7 from t111_var;
insert into t111_var select c0+100000000,c1,c2,c3,c4,c5,c6,c7 from t111_var;
insert into t111_var values(null,null,null,null,null,null,null,null);
insert into t111_var select * from t111_var;
commit;
connection syscon;
connection default;
set @@ob_enable_plan_cache = 0;
select /*+ USE_HASH_AGGREGATION */distinct c1,c2 from t2;
c1	c2
2	2
2	0
0	2
1	2
NULL	2
select /*+ USE_HASH_AGGREGATION */distinct c2,c1 from t2;
c2	c1
2	2
0	2
2	0
2	1
2	NULL
select /*+ USE_HASH_AGGREGATION */distinct c2,c1,c1+c2 from t2;
c2	c1	c1+c2
2	2	4
0	2	2
2	0	2
2	1	3
2	NULL	NULL
select /*+ USE_HASH_AGGREGATION */distinct c1+c2,abs(c1) from t2;
c1+c2	abs(c1)
4	2
2	2
2	0
3	1
NULL	NULL
select /*+ USE_HASH_AGGREGATION */distinct c1+c2 from t2;
c1+c2
4
2
3
NULL
select /*+ USE_HASH_AGGREGATION */distinct c2,c1,c3 from t2;
c2	c1	c3
2	2	3
0	2	3
2	0	3
2	1	3
2	NULL	3
2	0	1
select /*+ USE_HASH_AGGREGATION */distinct 1,2,3,5,'ab' from t2;
1	2	3	5	ab
1	2	3	5	ab
select /*+ USE_HASH_AGGREGATION */distinct 1,c2,2,3,c1,5,'ab' from t2;
1	c2	2	3	c1	5	ab
1	2	2	3	2	5	ab
1	0	2	3	2	5	ab
1	2	2	3	0	5	ab
1	2	2	3	1	5	ab
1	2	2	3	NULL	5	ab
select /*+ USE_HASH_AGGREGATION */distinct 1,c2,2,3,c1,5,'ab' from t2 where c2=0;
1	c2	2	3	c1	5	ab
1	0	2	3	2	5	ab
set ob_query_timeout=30000000;
select /*+ use_merge(a b) */SQL_CALC_FOUND_ROWS sum(c0),sum(length(c1)),count(c2),count(c3),count(c4),count(c5),count(c6),count(c7)
from (select /*+ USE_HASH_AGGREGATION */ distinct * from t111_var) order by c1 limit 1;
sum(c0)	sum(length(c1))	count(c2)	count(c3)	count(c4)	count(c5)	count(c6)	count(c7)
28444444928	2048000	512	512	512	512	512	512
connection syscon;
connection default;
drop table t1;
drop table t2;
drop table t111_var;
