connect  syscon, $OBMYSQL_MS0,admin,$OBMYSQL_PWD,test,$OBMYSQL_PORT;
connection default;
drop table if exists t1;
create table t1 (c1 number, c2 number, c3 char(20), c4 varchar(20), primary key(c1, c2), index i1 (c2));
insert into t1 (c1, c2, c3, c4) values (1, 2, 'a', 'b');
insert into t1 (c1, c2, c3, c4) values (3, 4, 'c', 'd');
insert into t1 (c1, c2, c3, c4) values (5, 1, 'xx', 'yy');
insert into t1 (c1, c2, c3, c4) values (5, 2, 'xx', 'yy');
insert into t1 (c1, c2, c3, c4) values (7, 5, 'xx1', 'yy2');
insert into t1 (c1, c2, c3, c4) values (7, 6, 'xx1', 'yy2');
insert into t1 (c1, c2, c3, c4) values (8, 7, 'xx1', 'yy2');
alter table t1 add column c5 varchar(20) default 'c5_default';
connection syscon;
connection default;
set @@ob_enable_plan_cache = 0;
select * from t1;
c1	c2	c3	c4	c5
1	2	a	b	c5_default
3	4	c	d	c5_default
5	1	xx	yy	c5_default
5	2	xx	yy	c5_default
7	5	xx1	yy2	c5_default
7	6	xx1	yy2	c5_default
8	7	xx1	yy2	c5_default
select * from t1 order by c1 desc, c2 desc;
c1	c2	c3	c4	c5
8	7	xx1	yy2	c5_default
7	6	xx1	yy2	c5_default
7	5	xx1	yy2	c5_default
5	2	xx	yy	c5_default
5	1	xx	yy	c5_default
3	4	c	d	c5_default
1	2	a	b	c5_default
select * from t1 where c1 + c2 < 10;
c1	c2	c3	c4	c5
1	2	a	b	c5_default
3	4	c	d	c5_default
5	1	xx	yy	c5_default
5	2	xx	yy	c5_default
select * from t1 limit 2;
c1	c2	c3	c4	c5
1	2	a	b	c5_default
3	4	c	d	c5_default
select * from t1 where c1 = 5;
c1	c2	c3	c4	c5
5	1	xx	yy	c5_default
5	2	xx	yy	c5_default
select * from t1 where c1 = 5 or c1 = 7;
c1	c2	c3	c4	c5
5	1	xx	yy	c5_default
5	2	xx	yy	c5_default
7	5	xx1	yy2	c5_default
7	6	xx1	yy2	c5_default
select * from t1 where (c1 = 2 and c2 = 4) or (c1 = 7 and c2 = 5) or (c1 = 8 and c2 = 7);
c1	c2	c3	c4	c5
7	5	xx1	yy2	c5_default
8	7	xx1	yy2	c5_default
select * from t1 where c2  = 2 and c1 + c2 < 10 and c4 > c3;
c1	c2	c3	c4	c5
1	2	a	b	c5_default
5	2	xx	yy	c5_default
select c1, c2 from t1 where c2 > 4;
c1	c2
7	5
7	6
8	7
***** test index back
drop table t1;
create table t1(c1 int primary key, c2 int, c3 int, index idx(c2));
insert into t1 values(1,1,1), (2,2,2), (3,3,3), (4,4,4),(5,5,5), (6,6,6), (7,7,7);

select /*+index(t1 idx)*/ c1, c2, c3 from t1 where c2 > 1 and  c1 <  4;
c1	c2	c3
2	2	2
3	3	3

select /*+index(t1 idx)*/ c1, c2, c3 from t1 where c2 > 1 and  c3 <  4;
c1	c2	c3
2	2	2
3	3	3
select /*+index(t1 idx)*/ c1, c2, c3 from t1 where c3 != 1 limit 2;
c1	c2	c3
2	2	2
3	3	3
drop table t1;
connection syscon;
